P_ID,DEPTH,LOC,ORDER,I09,I10,I11,I12,I13,I14,I15,I16,I17,I18,I19,I20,I21,I22,I23,I01,I03,I29,I31,ERRORS,STIMULI,POOL,SCORE,NUM_A,NUM_B,NUM_X,PROP_A,PROP_B,PROP_X,HAS_X
p001,2,R,m,,,,,,,X,X,X,X,X,X,X,X,X,A,A,B,B,0,1,prolific,2506.0888888888885,0,0,9,0.0,0.0,1.0,1
p001,3,L,a,A,A,A,A,A,B,B,B,B,,,,,,,AA,AA,BB,BY,0,2,prolific,2484.4688888888886,5,4,0,0.5555555555555556,0.4444444444444444,0.0,0
p001,2,C,b,,,,B,B,B,B,B,B,B,B,B,,,,A,A,B,B,0,4,prolific,2477.903201705702,0,9,0,0.0,1.0,0.0,0
p001,3,C,f,,,,A,A,A,A,A,A,A,A,A,,,,AA,AA,BB,BB,0,3,prolific,2497.7388888888886,9,0,0,1.0,0.0,0.0,0
p002,2,L,a,X,A,X,X,X,X,X,X,X,,,,,,,A,A,B,B,0,4,prolific,2501.8029365079365,1,0,8,0.1111111111111111,0.0,0.8888888888888888,1
p002,3,C,m,,,,A,A,B,B,A,B,A,A,B,,,,BB,AA,AA,BB,2,1,prolific,2191.405555555556,5,4,0,0.5555555555555556,0.4444444444444444,0.0,0
p002,3,R,b,,,,,,,B,B,B,B,A,B,B,B,B,AA,AB,BB,BB,0,3,prolific,2504.766666666667,1,8,0,0.1111111111111111,0.8888888888888888,0.0,0
p002,2,C,f,,,,X,X,X,B,B,B,B,B,B,,,,A,A,B,B,0,2,prolific,2473.660666185666,0,6,3,0.0,0.6666666666666666,0.3333333333333333,1
p003,2,R,b,,,,,,,X,X,X,X,X,B,X,B,B,A,A,B,B,0,2,prolific,2509.47373015873,0,3,6,0.0,0.3333333333333333,0.6666666666666666,1
p003,3,L,f,A,A,A,A,A,A,A,A,A,,,,,,,AA,AA,BB,BB,0,4,prolific,2558.988888888889,9,0,0,1.0,0.0,0.0,0
p003,3,C,a,,,,A,A,A,A,A,A,A,A,A,,,,AA,AA,BB,BB,0,3,prolific,2497.7388888888886,9,0,0,1.0,0.0,0.0,0
p003,2,L,m,A,A,A,A,A,A,A,A,A,,,,,,,X,A,B,B,1,1,prolific,2506.9316022866024,9,0,0,1.0,0.0,0.0,0
p004,2,C,a,,,,A,A,A,B,B,B,B,B,B,,,,A,A,B,B,0,4,prolific,2478.3723328523324,3,6,0,0.3333333333333333,0.6666666666666666,0.0,0
p004,3,L,m,A,A,B,B,A,B,A,B,A,,,,,,,AA,BA,BA,BA,1,1,prolific,2285.186666666667,5,4,0,0.5555555555555556,0.4444444444444444,0.0,0
p004,3,R,f,,,,,,,A,A,A,A,A,B,B,B,B,AA,AA,BB,BB,0,2,prolific,2475.597460317461,5,4,0,0.5555555555555556,0.4444444444444444,0.0,0
p004,2,L,b,A,A,A,A,A,A,A,A,B,,,,,,,A,A,B,B,0,3,prolific,2535.4665569615568,8,1,0,0.8888888888888888,0.1111111111111111,0.0,0
p005,2,R,a,,,,,,,A,A,A,X,X,X,B,B,B,A,A,B,B,0,1,prolific,2474.5122222222226,3,3,3,0.3333333333333333,0.3333333333333333,0.3333333333333333,1
p005,2,L,f,A,A,A,A,A,A,X,X,X,,,,,,,A,A,B,B,0,4,prolific,2529.0378495578498,6,0,3,0.6666666666666666,0.0,0.3333333333333333,1
p005,3,C,b,,,,B,B,B,B,B,B,B,B,B,,,,AA,AA,BB,BB,0,3,prolific,2482.541168831169,0,9,0,0.0,1.0,0.0,0
p005,3,R,m,,,,,,,B,B,B,B,B,B,B,B,B,AA,AA,BB,BB,0,2,prolific,2558.988888888889,0,9,0,0.0,1.0,0.0,0
p006,3,R,a,,,,,,,B,B,B,B,B,B,B,B,B,AY,AY,BA,BB,0,2,prolific,2497.1933333333336,0,9,0,0.0,1.0,0.0,0
p006,3,L,b,A,B,A,A,B,A,A,A,B,,,,,,,BB,BY,BA,AA,3,1,prolific,2148.528888888889,6,3,0,0.6666666666666666,0.3333333333333333,0.0,0
p006,2,C,m,,,,A,X,A,X,X,B,X,B,B,,,,A,A,B,B,0,3,prolific,2463.032275132275,2,3,4,0.2222222222222222,0.3333333333333333,0.4444444444444444,1
p006,2,R,f,,,,,,,X,X,B,B,B,B,B,B,B,A,A,B,B,0,4,prolific,2534.517259037259,0,7,2,0.0,0.7777777777777778,0.2222222222222222,1
p007,2,L,a,A,X,X,X,X,X,X,X,X,,,,,,,A,A,B,B,0,4,prolific,2510.0529365079365,1,0,8,0.1111111111111111,0.0,0.8888888888888888,1
p007,3,C,m,,,,A,A,A,A,A,A,A,A,A,,,,AA,AA,BB,BB,0,1,prolific,2476.7566666666667,9,0,0,1.0,0.0,0.0,0
p007,3,R,b,,,,,,,B,B,B,B,B,B,B,B,B,AA,AA,BB,BB,0,3,prolific,2557.477777777778,0,9,0,0.0,1.0,0.0,0
p007,2,C,f,,,,X,X,B,B,B,B,B,B,B,,,,A,A,B,B,0,2,prolific,2471.973513893514,0,7,2,0.0,0.7777777777777778,0.2222222222222222,1
p008,2,R,b,,,,,,,B,B,B,B,B,B,B,B,B,A,A,X,X,2,2,prolific,2468.94878972879,0,9,0,0.0,1.0,0.0,0
p008,3,L,f,A,A,A,A,X,X,X,X,X,,,,,,,AA,AA,BB,BB,0,4,prolific,2525.9333333333334,4,0,5,0.4444444444444444,0.0,0.5555555555555556,1
p008,3,C,a,,,,X,X,X,X,X,X,X,X,X,,,,AA,AA,BB,BB,0,3,prolific,2508.0888888888894,0,0,9,0.0,0.0,1.0,1
p008,2,L,m,A,A,X,A,A,A,A,X,X,,,,,,,A,A,B,B,0,1,prolific,2504.377162097162,6,0,3,0.6666666666666666,0.0,0.3333333333333333,1
p010,2,R,a,,,,,,,A,A,A,A,X,B,B,B,B,A,A,B,B,0,1,prolific,2474.885223665224,4,4,1,0.4444444444444444,0.4444444444444444,0.1111111111111111,1
p010,2,L,f,A,A,A,A,A,A,A,A,A,,,,,,,A,A,B,B,0,4,prolific,2553.2817065342065,9,0,0,1.0,0.0,0.0,0
p010,3,C,b,,,,A,B,B,B,B,B,B,B,B,,,,AA,AA,BB,BB,0,3,prolific,2482.226825396825,1,8,0,0.1111111111111111,0.8888888888888888,0.0,0
p010,3,R,m,,,,,,,B,B,B,B,B,B,B,B,B,AA,AA,BB,BB,0,2,prolific,2558.988888888889,0,9,0,0.0,1.0,0.0,0
