P_ID,DEPTH,LOC,ORDER,I09,I10,I11,I12,I13,I14,I15,I16,I17,I18,I19,I20,I21,I22,I23,I01,I03,I29,I31,ERRORS,STIMULI,POOL,SCORE
p001,2,R,m,,,,,,,X,X,X,X,X,X,X,X,X,A,A,B,B,0,1,prolific,2506.0888888888885
p001,3,L,a,AY,AY,AY,AY,AY,BA,BA,BA,BA,,,,,,,AA,AA,BB,BY,0,2,prolific,2484.4688888888886
p001,2,C,b,,,,B,B,B,B,B,B,B,B,B,,,,A,A,B,B,0,4,prolific,2477.903201705702
p001,3,C,f,,,,AY,AY,AY,AY,AY,AY,AY,AY,AY,,,,AA,AA,BB,BB,0,3,prolific,2497.7388888888886
p002,2,L,a,X,A,X,X,X,X,X,X,X,,,,,,,A,A,B,B,0,4,prolific,2501.8029365079365
p002,3,C,m,,,,AA,AB,BA,BB,AB,BA,AB,AA,BA,,,,BB,AA,AA,BB,2,1,prolific,2191.4055555555556
p002,3,R,b,,,,,,,BY,BY,BY,BY,AY,BA,BA,BA,BA,AA,AB,BB,BB,0,3,prolific,2504.766666666667
p002,2,C,f,,,,X,X,X,B,B,B,B,B,B,,,,A,A,B,B,0,2,prolific,2473.660666185666
p003,2,R,b,,,,,,,X,X,X,X,X,B,X,B,B,A,A,B,B,0,2,prolific,2509.47373015873
p003,3,L,f,AB,AB,AB,AB,AB,AB,AB,AB,AB,,,,,,,AA,AA,BB,BB,0,4,prolific,2558.988888888889
p003,3,C,a,,,,AY,AY,AY,AY,AY,AY,AY,AY,AY,,,,AA,AA,BB,BB,0,3,prolific,2497.7388888888886
p003,2,L,m,A,A,A,A,A,A,A,A,A,,,,,,,X,A,B,B,1,1,prolific,2506.9316022866024
p004,2,C,a,,,,A,A,A,B,B,B,B,B,B,,,,A,A,B,B,0,4,prolific,2478.3723328523324
p004,3,L,m,AB,AB,BB,BB,AB,BA,AB,BB,AB,,,,,,,AA,BA,BA,BA,1,1,prolific,2285.186666666667
p004,3,R,f,,,,,,,AB,AB,AB,AB,AB,BA,BA,BA,BA,AA,AA,BB,BB,0,2,prolific,2475.597460317461
p004,2,L,b,A,A,A,A,A,A,A,A,B,,,,,,,A,A,B,B,0,3,prolific,2535.4665569615568
p005,2,R,a,,,,,,,A,A,A,X,X,X,B,B,B,A,A,B,B,0,1,prolific,2474.5122222222226
p005,2,L,f,A,A,A,A,A,A,X,X,X,,,,,,,A,A,B,B,0,4,prolific,2529.0378495578498
p005,3,C,b,,,,BA,BA,BA,BA,BA,BA,BA,BA,BA,,,,AA,AA,BB,BB,0,3,prolific,2482.541168831169
p005,3,R,m,,,,,,,BA,BA,BA,BA,BA,BA,BA,BA,BA,AA,AA,BB,BB,0,2,prolific,2558.988888888889
p006,3,R,a,,,,,,,BA,BB,BB,BB,BY,BY,BA,BY,BY,AY,AY,BA,BB,0,2,prolific,2497.1933333333336
p006,3,L,b,AY,BA,AB,AA,BB,AA,AB,AB,BA,,,,,,,BB,BY,BA,AA,3,1,prolific,2148.528888888889
p006,2,C,m,,,,A,X,A,X,X,B,X,B,B,,,,A,A,B,B,0,3,prolific,2463.032275132275
p006,2,R,f,,,,,,,X,X,B,B,B,B,B,B,B,A,A,B,B,0,4,prolific,2534.517259037259
p007,2,L,a,A,X,X,X,X,X,X,X,X,,,,,,,A,A,B,B,0,4,prolific,2510.0529365079365
p007,3,C,m,,,,AB,AB,AB,AY,AB,AY,AY,AY,AY,,,,AA,AA,BB,BB,0,1,prolific,2476.7566666666667
p007,3,R,b,,,,,,,BY,BY,BY,BY,BA,BA,BA,BA,BA,AA,AA,BB,BB,0,3,prolific,2557.477777777778
p007,2,C,f,,,,X,X,B,B,B,B,B,B,B,,,,A,A,B,B,0,2,prolific,2471.973513893514
p008,2,R,b,,,,,,,B,B,B,B,B,B,B,B,B,A,A,X,X,2,2,prolific,2468.94878972879
p008,3,L,f,AB,AB,AB,AB,XY,XY,XY,XY,XY,,,,,,,AA,AA,BB,BB,0,4,prolific,2525.9333333333334
p008,3,C,a,,,,XY,XY,XY,XY,XY,XY,XY,XY,XY,,,,AA,AA,BB,BB,0,3,prolific,2508.0888888888894
p008,2,L,m,A,A,X,A,A,A,A,X,X,,,,,,,A,A,B,B,0,1,prolific,2504.377162097162
p009,2,C,a,,,,B,B,B,B,B,B,B,B,B,,,,A,A,B,X,1,4,prolific,2431.91517982018
p009,3,L,m,AB,BB,BB,BB,BB,BB,BB,BB,BB,,,,,,,AA,AA,BA,BA,0,1,prolific,2392.689417989418
p009,3,R,f,,,,,,,XY,XY,BA,BA,BA,BA,BA,BA,BA,AA,AA,BB,BB,0,2,prolific,2540.522222222222
p009,2,L,b,A,A,A,A,B,B,B,B,B,,,,,,,A,A,B,B,0,3,prolific,2470.6035594035598
p010,2,R,a,,,,,,,A,A,A,A,X,B,B,B,B,A,A,B,B,0,1,prolific,2474.8852236652237
p010,2,L,f,A,A,A,A,A,A,A,A,A,,,,,,,A,A,B,B,0,4,prolific,2553.2817065342065
p010,3,C,b,,,,AB,BA,BA,BA,BA,BA,BA,BA,BA,,,,AA,AA,BB,BB,0,3,prolific,2482.2268253968255
p010,3,R,m,,,,,,,BA,BA,BA,BA,BA,BA,BA,BA,BA,AA,AA,BB,BB,0,2,prolific,2558.988888888889
